{"Arabic": {"0": {"AIC": 6867.983137630151, "RSS": 1279.4471259367326, "r": 0.9028819149523907, "name": "0", "params": []}, "1": {"AIC": 12934.72508480288, "RSS": 5602.6495851288455, "r": 0.7591425866485783, "name": "1", "params": [0.5346358783100963]}, "2": {"AIC": 9104.223257310969, "RSS": 2205.138460823807, "r": 0.8237713595713221, "name": "2", "params": [2.0032476377406434, 0.24259416547598608]}, "3": {"AIC": 12093.864453601826, "RSS": 4565.605110288765, "r": 0.5806453737545693, "name": "3", "params": [3.6053304691656707, 0.006177101395014481]}, "4": {"AIC": 8947.860002001076, "RSS": 2122.781360027495, "r": 0.8645677564854957, "name": "4", "params": [1.385043345724794]}, "5": {"AIC": 8084.767073290641, "RSS": 1720.5201758171443, "r": 0.8631501537437819, "name": "5", "params": [1.3258320702727924, 0.4643459323107601, -0.009555677214593567]}, "1+": {"AIC": 9711.236700374899, "RSS": 2556.2824644134166, "r": 0.7919845854896522, "name": "1+", "params": [0.394019739325923, 1.6089757408100718]}, "2+": {"AIC": 6658.852120884917, "RSS": 1215.942893471324, "r": 0.9049379159544343, "name": "2+", "params": [-7.046024780894234, -0.6473741983052703, 5.492905405399332]}, "3+": {"AIC": 7050.80686729507, "RSS": 1337.6741108429558, "r": 0.894184195408919, "name": "3+", "params": [-5.19327826483772, -0.17939113230117887, 4.838937601132266]}, "4+": {"AIC": 8011.637067206191, "RSS": 1690.1627420574837, "r": 0.8645677564854958, "name": "4+", "params": [1.0747632273318015, 1.0020653424771135]}, "5+": {"AIC": 6657.8893530650885, "RSS": 1215.6579534718853, "r": 0.9049617330699634, "name": "5+", "params": [-7.01212583016101, -0.6558492839172183, -0.001697073327432886, 5.428871057400401]}}, "Basque": {"0": {"AIC": 5675.280458309274, "RSS": 1188.2022054776153, "r": 0.9094110918963836, "name": "0", "params": []}, "1": {"AIC": 9147.883736217987, "RSS": 3882.262034887032, "r": 0.7717541097748457, "name": "1", "params": [0.7671022681911484]}, "2": {"AIC": 5297.986140625603, "RSS": 1044.7772787546714, "r": 0.8391134826376155, "name": "2", "params": [1.8869498799375664, 0.3399007751072806]}, "3": {"AIC": 7088.426056896107, "RSS": 1923.699866320936, "r": 0.6734665280170777, "name": "3", "params": [3.23593569573022, 0.0220925238662174]}, "4": {"AIC": 4814.407573582674, "RSS": 885.9707582504917, "r": 0.879436132981355, "name": "4", "params": [1.8125701870654336]}, "5": {"AIC": 4272.093476591346, "RSS": 736.4071278125105, "r": 0.8886976686988851, "name": "5", "params": [1.1061735138413753, 0.7412358275189068, -0.03404283164220846]}, "1+": {"AIC": 5766.735952195028, "RSS": 1225.835884172669, "r": 0.8077388623290515, "name": "1+", "params": [0.5503343895336852, 1.6556174689124006]}, "2+": {"AIC": 3685.5609462379725, "RSS": 602.9330318147505, "r": 0.9095226291756875, "name": "2+", "params": [-8.393121868532727, -0.6156415089102522, 6.386097959059625]}, "3+": {"AIC": 1460850.0263548065, "RSS": 3.508980544632422e+218, "r": 0.04776907877717544, "name": "3+", "params": [5.0, 5.0, 5.0]}, "4+": {"AIC": 4476.321588657345, "RSS": 789.5113906210422, "r": 0.8794361329813549, "name": "4+", "params": [1.5348877279170043, 0.6632649116708149]}, "5+": {"AIC": 3671.4012364054443, "RSS": 600.0292534622602, "r": 0.9099718540180327, "name": "5+", "params": [-7.426601159103813, -0.5154464270216782, -0.08728780493940383, 5.32510168287424]}}, "Catalan": {"0": {"AIC": 35085.809723997736, "RSS": 9064.68232765035, "r": 0.7811499667190841, "name": "0", "params": []}, "1": {"AIC": 48709.62751108597, "RSS": 22408.547077890496, "r": 0.6661085727088575, "name": "1", "params": [0.6042805338651378]}, "2": {"AIC": 25768.03946342967, "RSS": 4881.186084478082, "r": 0.7248471872254657, "name": "2", "params": [2.7303228251923937, 0.19052816497988412]}, "3": {"AIC": 30707.832296406057, "RSS": 6777.093101209032, "r": 0.5830678759017951, "name": "3", "params": [4.229455067676791, 0.006140049767726885]}, "4": {"AIC": 30183.146763830056, "RSS": 6544.941006574277, "r": 0.748236330623113, "name": "4", "params": [1.5807338896139937]}, "5": {"AIC": 23770.452086489204, "RSS": 4274.5747968150445, "r": 0.7637654451697239, "name": "5", "params": [1.874883371937996, 0.3761842076767738, -0.007806471437243465]}, "1+": {"AIC": 26868.511450268794, "RSS": 5251.400116772507, "r": 0.7000075518811858, "name": "1+", "params": [0.3718005129809743, 2.456164706066988]}, "2+": {"AIC": 22441.205364423557, "RSS": 3913.296821545335, "r": 0.7862925876052421, "name": "2+", "params": [-8.226993753306278, -0.5908734151368777, 6.367026106746001]}, "3+": {"AIC": 23178.18073702977, "RSS": 4109.6542450405595, "r": 0.7731055102378467, "name": "3+", "params": [-4.57074755002335, -0.12971801573704056, 5.434241116612573]}, "4+": {"AIC": 24575.551352563394, "RSS": 4509.421799666009, "r": 0.7482363306231129, "name": "4+", "params": [0.9787971713274026, 1.9207748162065148]}, "5+": {"AIC": 22442.24665982071, "RSS": 3913.5675342878, "r": 0.7862755018643314, "name": "5+", "params": [-7.87367388381465, -0.6211379096040026, -0.014726962454685221, 5.8793889757785385]}}, "Chinese": {"0": {"AIC": 70255.54746966912, "RSS": 11597.47595409762, "r": 0.9212459184372238, "name": "0", "params": []}, "1": {"AIC": 144058.58574392015, "RSS": 45218.809647984956, "r": 0.8019650101505261, "name": "1", "params": [0.9319460181686348]}, "2": {"AIC": 88855.72672347947, "RSS": 16341.759893052098, "r": 0.8581681853867413, "name": "2", "params": [1.266531782428304, 0.5261717192673147]}, "3": {"AIC": 133076.7624875317, "RSS": 36930.524603822705, "r": 0.6468279695145774, "name": "3", "params": [2.207567552744643, 0.059025695609214945]}, "4": {"AIC": 68718.21429238032, "RSS": 11273.369645151284, "r": 0.9042570805716054, "name": "4", "params": [1.876023853767529]}, "5": {"AIC": 66488.44198584891, "RSS": 10819.308787396423, "r": 0.9087736825347191, "name": "5", "params": [0.7335316530968494, 1.1593745182320527, -0.08836824693309317]}, "1+": {"AIC": 97262.32181109593, "RSS": 19081.482284120437, "r": 0.8312256024280698, "name": "1+", "params": [0.7365302255431998, 0.9520160025410805]}, "2+": {"AIC": 59175.211461591025, "RSS": 9454.553435128377, "r": 0.920576895021588, "name": "2+", "params": [-8.08611499383287, -0.5719390850438698, 6.383286907948731]}, "3+": {"AIC": 26856254.754410982, "RSS": 3.509139852102358e+218, "r": 0.005940202316336488, "name": "3+", "params": [5.0, 5.0, 5.0]}, "4+": {"AIC": 68706.37902294526, "RSS": 11270.909952480106, "r": 0.9042570805716054, "name": "4+", "params": [1.8704871348555248, 0.01003578402923299]}, "5+": {"AIC": 58359.0137206482, "RSS": 9313.34224567892, "r": 0.9217928357964407, "name": "5+", "params": [-6.861131221138106, -0.34351338923974917, -0.18268983442443548, 4.742591161020152]}}, "Czech": {"0": {"AIC": 62749.645103308896, "RSS": 17969.4716297146, "r": 0.8122373163622765, "name": "0", "params": []}, "1": {"AIC": 81956.33501110459, "RSS": 38698.72052227785, "r": 0.7314641931203636, "name": "1", "params": [0.6586942139951426]}, "2": {"AIC": 61448.461019449416, "RSS": 17059.442288669696, "r": 0.7766184636014262, "name": "2", "params": [1.9504073518231888, 0.2977144470878396]}, "3": {"AIC": 72359.28496421479, "RSS": 26376.984796797602, "r": 0.6153010704766358, "name": "3", "params": [3.43900027120428, 0.013624783492257942]}, "4": {"AIC": 60070.90912744771, "RSS": 16146.175415340225, "r": 0.8036004090148686, "name": "4", "params": [1.641004946969098]}, "5": {"AIC": 60424.313236204696, "RSS": 16375.699185825213, "r": 0.78381990824427, "name": "5", "params": [1.279583523350059, 0.5643796518369715, -0.016773528597235837]}, "1+": {"AIC": 63491.6501039585, "RSS": 18509.990913694495, "r": 0.7547760411721697, "name": "1+", "params": [0.48292811299800287, 1.665706020650266]}, "2+": {"AIC": 56422.51448431936, "RSS": 13956.747530781979, "r": 0.8193062696048033, "name": "2+", "params": [-7.955517636439831, -0.5253751425966494, 6.506248155581749]}, "3+": {"AIC": 57758.925951802026, "RSS": 14721.964250756988, "r": 0.8070975262698366, "name": "3+",