{"1": {"0": {"AIC": 165.04742529334504, "RSS": 305.8488044710339, "r": -0.9666339263598189, "name": "0", "params": [0.4053676470353318]}, "1": {"AIC": 161.69318453948875, "RSS": 275.4127422141353, "r": -0.9205276583366399, "name": "1", "params": [0.830607122127235]}, "2": {"AIC": 154.46349504296893, "RSS": 219.7175936416578, "r": -0.4682231560046486, "name": "2", "params": [2.27198643559395, 0.0007252462012686811]}, "3": {"AIC": 96.70490753224365, "RSS": 36.139526988641606, "r": 0.9007691185211134, "name": "3", "params": [11.845302214963173, -0.6530681962203799]}, "4": {"AIC": NaN, "RSS": NaN, "r": NaN, "name": "4", "params": [3.38434533476605, -10.612477157130087]}, "0+": {"AIC": 61.757772646283314, "RSS": 12.125240013879155, "r": 0.966633926359819, "name": "0+", "params": [-2.6113065192087017, 9.271266810725372]}, "1+": {"AIC": 95.44519664850722, "RSS": 34.74449810827596, "r": 0.9205276583366402, "name": "1+", "params": [-6.904076565458949, 13.408254178024283]}, "2+": {"AIC": 61.61893849600162, "RSS": 12.072747798149365, "r": 0.9666612513370237, "name": "2+", "params": [-2.6522430925205014, 0.9832995050244691, 9.234735357936065]}, "3+": {"AIC": 72.72817375374268, "RSS": 17.083520172114095, "r": 0.9542052185367463, "name": "3+", "params": [13.999999999999998, -0.3232559545045394, -3.8425065609027724]}, "4+": {"AIC": NaN, "RSS": NaN, "r": NaN, "name": "4+", "params": [-14.16071900874837, -7.465234748787472, -3.873314375071232]}}, "2": {"0": {"AIC": 81.06581867638008, "RSS": 232.46478241963345, "r": -0.9459525296017627, "name": "0", "params": [1.239936119024909]}, "1": {"AIC": 78.89853035536615, "RSS": 199.1249329379252, "r": -0.8283899340926587, "name": "1", "params": [2.148485401377349]}, "2": {"AIC": 75.68578510720184, "RSS": 158.29345619040785, "r": -0.4501597221046098, "name": "2", "params": [3.5629232746123236, 0.0004008772950588879]}, "3": {"AIC": 52.74896392731971, "RSS": 30.75665082982037, "r": 0.8569924494593216, "name": "3", "params": [10.58768526033704, -0.5430215650553346]}, "4": {"AIC": NaN, "RSS": NaN, "r": NaN, "name": "4", "params": [3.38434533476605, -10.612477157130087]}, "0+": {"AIC": 39.38709481500571, "RSS": 11.842408574956762, "r": 0.9459525296017629, "name": "0+", "params": [-3.701618555392198, 10.813882118581146]}, "1+": {"AIC": 57.26211371593767, "RSS": 42.4562485607811, "r": 0.8283899340926587, "name": "1+", "params": [-7.190577117481377, 13.556065605236293]}, "2+": {"AIC": 2.087093311678487, "RSS": 0.8248128342513575, "r": 0.9961511298654979, "name": "2+", "params": [-0.9042442060026116, 2.294462642358512, 8.37784229915947]}, "3+": {"AIC": 48.25197009421019, "RSS": 22.3068189178116, "r": 0.8964916506190002, "name": "3+", "params": [13.999999999999998, -0.3285541951332358, -3.8231272289156593]}, "4+": {"AIC": NaN, "RSS": NaN, "r": NaN, "name": "4+", "params": [-14.16071900874837, -7.465234748787472, -3.873314375071232]}}, "3": {"0": {"AIC": 60.044693950981994, "RSS": 194.25610584648672, "r": -0.876043834302614, "name": "0", "params": [1.8043091283293564]}, "1": {"AIC": 58.291934775582526, "RSS": 163.0246643096482, "r": -0.727210914376733, "name": "1", "params": [2.9359157962738682]}, "2": {"AIC": 55.90073120363334, "RSS": 128.35259778291316, "r": -0.37831125657557435, "name": "2", "params": [4.492064925379447, 0.0005219048442056673]}, "3": {"AIC": 41.676942123053465, "RSS": 30.950904983785424, "r": 0.7917759354094497, "name": "3", "params": [9.669273939027228, -0.46430477930398]}, "4": {"AIC": NaN, "RSS": NaN, "r": NaN, "name": "4", "params": [3.38434533476605, -10.612477157130087]}, "0+": {"AIC": 36.69231609321045, "RSS": 18.801556066506897, "r": 0.8760438343026141, "name": "0+", "params": [-3.8541597029930337, 10.71758868436918]}, "1+": {"AIC": 43.544147163311195, "RSS": 37.304827539097985, "r": 0.7272109143767328, "name": "1+", "params": [-5.006965525704769, 10.769752865637068]}, "2+": {"AIC": -0.5306167503558044, "RSS": 0.4545925987689348, "r": 0.9970472097363562, "name": "2+", "params": [-0.4334718401643186, 3.5168676069871667, 8.03671741535373]}, "3+": {"AIC": 39.80420959084929, "RSS": 25.66502026656422, "r": 0.8246147764389978, "name": "3+", "params": [13.999999999999998, -0.2931911511619469, -4.255359045943185]}, "4+": {"AIC": NaN, "RSS": NaN, "r": NaN, "name": "4+", "params": [-14.16071900874837, -7.465234748787472, -3.873314375071232]}}}